,Actor or Actress,Hero Name,Age,Sex,Birthplace,Weapon,Height,Weight
0,荷兰弟,蜘蛛侠,19,男,纽约,蜘蛛感应,168.0,66.0
1,乔什·布洛林,灭霸,3000,男,泰坦星球,暴君屠刀,,
2,本尼迪克特·康伯巴奇,奇异博士,36,男,费城,魔法,178.0,
3,小罗伯特·唐尼,钢铁侠,42,男,纽约,纳米战甲,172.0,72.0
4,本·阿弗莱克,蝙蝠侠,40,男,哥谭,有钱,,
5,克里斯·海姆斯沃斯,索尔,1505,男,阿斯加德,暴风战斧,,
6,盖尔·加朵,神奇女侠,2000,女,天堂岛,弑神者,168.0,68.0
7,斯嘉丽,黑寡妇,35,女,斯大林格勒,枪械,165.0,65.0
